product_id,product_name,category,price,brand,model,gpu,processor,size,description
151,ZenBook,laptop,116230.8,Acer,Model U71,Nvidia GTX 1650,Intel i5,15.6,"Acer ZenBook with Nvidia GTX 1650 RAM, Intel i5 storage, and a 15.6 battery."
152,Pavilion,laptop,48986.0,Lenovo,Model J86,Nvidia GTX 1650,Intel i5,15.6,"Lenovo Pavilion with Nvidia GTX 1650 RAM, Intel i5 storage, and a 15.6 battery."
153,Inspiron,laptop,145107.2,Acer,Model S38,Nvidia GTX 1650,Intel i5,15.6,"Acer Inspiron with Nvidia GTX 1650 RAM, Intel i5 storage, and a 15.6 battery."
154,IdeaPad,laptop,354004.0,Acer,Model F80,Nvidia RTX 2060,Intel i7,17,"Acer IdeaPad with Nvidia RTX 2060 RAM, Intel i7 storage, and a 17 battery."
155,Inspiron,laptop,38813.6,HP,Model Q99,Nvidia GTX 1660,AMD Ryzen 7,15.6,"HP Inspiron with Nvidia GTX 1660 RAM, AMD Ryzen 7 storage, and a 15.6 battery."
156,Pavilion,laptop,46762.8,Lenovo,Model B36,Nvidia RTX 2060,Intel i7,17,"Lenovo Pavilion with Nvidia RTX 2060 RAM, Intel i7 storage, and a 17 battery."
157,ZenBook,laptop,276315.2,Acer,Model P70,Nvidia GTX 1650,Intel i5,15.6,"Acer ZenBook with Nvidia GTX 1650 RAM, Intel i5 storage, and a 15.6 battery."
158,Pavilion,laptop,71218.0,Dell,Model Q5,Nvidia RTX 2060,Intel i7,17,"Dell Pavilion with Nvidia RTX 2060 RAM, Intel i7 storage, and a 17 battery."
159,Pavilion,laptop,250964.0,HP,Model G67,Nvidia GTX 1660,AMD Ryzen 7,15.6,"HP Pavilion with Nvidia GTX 1660 RAM, AMD Ryzen 7 storage, and a 15.6 battery."
160,IdeaPad,laptop,18278.4,Acer,Model H2,Nvidia GTX 1650,Intel i5,15.6,"Acer IdeaPad with Nvidia GTX 1650 RAM, Intel i5 storage, and a 15.6 battery."
161,ZenBook,laptop,357467.6,Acer,Model B51,Nvidia GTX 1660,AMD Ryzen 7,15.6,"Acer ZenBook with Nvidia GTX 1660 RAM, AMD Ryzen 7 storage, and a 15.6 battery."
162,ZenBook,laptop,139493.2,Lenovo,Model H81,Nvidia GTX 1660,AMD Ryzen 7,15.6,"Lenovo ZenBook with Nvidia GTX 1660 RAM, AMD Ryzen 7 storage, and a 15.6 battery."
163,ZenBook,laptop,239923.6,Acer,Model H98,Nvidia GTX 1650,Intel i5,15.6,"Acer ZenBook with Nvidia GTX 1650 RAM, Intel i5 storage, and a 15.6 battery."
164,IdeaPad,laptop,324349.2,Acer,Model Q89,Nvidia GTX 1650,Intel i5,15.6,"Acer IdeaPad with Nvidia GTX 1650 RAM, Intel i5 storage, and a 15.6 battery."
165,Pavilion,laptop,136682.0,Dell,Model R55,Nvidia GTX 1660,AMD Ryzen 7,15.6,"Dell Pavilion with Nvidia GTX 1660 RAM, AMD Ryzen 7 storage, and a 15.6 battery."
166,Inspiron,laptop,377627.6,HP,Model O11,Nvidia GTX 1660,AMD Ryzen 7,15.6,"HP Inspiron with Nvidia GTX 1660 RAM, AMD Ryzen 7 storage, and a 15.6 battery."
167,Inspiron,laptop,263642.4,Asus,Model M47,Nvidia GTX 1650,Intel i5,15.6,"Asus Inspiron with Nvidia GTX 1650 RAM, Intel i5 storage, and a 15.6 battery."
168,Pavilion,laptop,287977.2,Acer,Model A89,Nvidia GTX 1650,Intel i5,15.6,"Acer Pavilion with Nvidia GTX 1650 RAM, Intel i5 storage, and a 15.6 battery."
169,Pavilion,laptop,229670.0,Dell,Model Z49,Nvidia GTX 1660,AMD Ryzen 7,15.6,"Dell Pavilion with Nvidia GTX 1660 RAM, AMD Ryzen 7 storage, and a 15.6 battery."
170,IdeaPad,laptop,410460.4,Asus,Model W92,Nvidia RTX 2060,Intel i7,17,"Asus IdeaPad with Nvidia RTX 2060 RAM, Intel i7 storage, and a 17 battery."
171,Inspiron,laptop,172886.0,Acer,Model U1,Nvidia RTX 2060,Intel i7,17,"Acer Inspiron with Nvidia RTX 2060 RAM, Intel i7 storage, and a 17 battery."
172,Pavilion,laptop,328585.6,Dell,Model R87,Nvidia GTX 1660,AMD Ryzen 7,15.6,"Dell Pavilion with Nvidia GTX 1660 RAM, AMD Ryzen 7 storage, and a 15.6 battery."
173,Aspire,laptop,237655.6,Dell,Model C26,Nvidia GTX 1650,Intel i5,15.6,"Dell Aspire with Nvidia GTX 1650 RAM, Intel i5 storage, and a 15.6 battery."
174,Inspiron,laptop,108687.6,Lenovo,Model V92,Nvidia GTX 1660,AMD Ryzen 7,15.6,"Lenovo Inspiron with Nvidia GTX 1660 RAM, AMD Ryzen 7 storage, and a 15.6 battery."
175,Pavilion,laptop,228438.0,Dell,Model B28,Nvidia GTX 1650,Intel i5,15.6,"Dell Pavilion with Nvidia GTX 1650 RAM, Intel i5 storage, and a 15.6 battery."
176,ZenBook,laptop,380886.8,Dell,Model I13,Nvidia GTX 1650,Intel i5,15.6,"Dell ZenBook with Nvidia GTX 1650 RAM, Intel i5 storage, and a 15.6 battery."
177,Aspire,laptop,323559.6,Lenovo,Model P56,Nvidia RTX 2060,Intel i7,17,"Lenovo Aspire with Nvidia RTX 2060 RAM, Intel i7 storage, and a 17 battery."
178,ZenBook,laptop,48932.8,Asus,Model M87,Nvidia GTX 1650,Intel i5,15.6,"Asus ZenBook with Nvidia GTX 1650 RAM, Intel i5 storage, and a 15.6 battery."
179,IdeaPad,laptop,234920.0,Lenovo,Model I42,Nvidia RTX 2060,Intel i7,17,"Lenovo IdeaPad with Nvidia RTX 2060 RAM, Intel i7 storage, and a 17 battery."
180,Pavilion,laptop,191716.0,HP,Model W32,Nvidia GTX 1650,Intel i5,15.6,"HP Pavilion with Nvidia GTX 1650 RAM, Intel i5 storage, and a 15.6 battery."
181,Aspire,laptop,374740.8,HP,Model B16,Nvidia GTX 1660,AMD Ryzen 7,15.6,"HP Aspire with Nvidia GTX 1660 RAM, AMD Ryzen 7 storage, and a 15.6 battery."
182,Pavilion,laptop,96569.2,Acer,Model V78,Nvidia GTX 1650,Intel i5,15.6,"Acer Pavilion with Nvidia GTX 1650 RAM, Intel i5 storage, and a 15.6 battery."
183,IdeaPad,laptop,212158.8,Lenovo,Model Q4,Nvidia GTX 1660,AMD Ryzen 7,15.6,"Lenovo IdeaPad with Nvidia GTX 1660 RAM, AMD Ryzen 7 storage, and a 15.6 battery."
184,IdeaPad,laptop,97319.6,Dell,Model I19,Nvidia GTX 1650,Intel i5,15.6,"Dell IdeaPad with Nvidia GTX 1650 RAM, Intel i5 storage, and a 15.6 battery."
185,Aspire,laptop,24749.2,Lenovo,Model K69,Nvidia GTX 1660,AMD Ryzen 7,15.6,"Lenovo Aspire with Nvidia GTX 1660 RAM, AMD Ryzen 7 storage, and a 15.6 battery."
186,ZenBook,laptop,70254.8,Asus,Model X61,Nvidia GTX 1660,AMD Ryzen 7,15.6,"Asus ZenBook with Nvidia GTX 1660 RAM, AMD Ryzen 7 storage, and a 15.6 battery."
187,ZenBook,laptop,274061.2,Asus,Model K31,Nvidia RTX 2060,Intel i7,17,"Asus ZenBook with Nvidia RTX 2060 RAM, Intel i7 storage, and a 17 battery."
188,Aspire,laptop,247853.2,Dell,Model B86,Nvidia GTX 1650,Intel i5,15.6,"Dell Aspire with Nvidia GTX 1650 RAM, Intel i5 storage, and a 15.6 battery."
189,Aspire,laptop,199483.2,Dell,Model B81,Nvidia RTX 2060,Intel i7,17,"Dell Aspire with Nvidia RTX 2060 RAM, Intel i7 storage, and a 17 battery."
190,Aspire,laptop,380506.0,Acer,Model L33,Nvidia RTX 2060,Intel i7,17,"Acer Aspire with Nvidia RTX 2060 RAM, Intel i7 storage, and a 17 battery."
191,IdeaPad,laptop,64108.8,Acer,Model G10,Nvidia RTX 2060,Intel i7,17,"Acer IdeaPad with Nvidia RTX 2060 RAM, Intel i7 storage, and a 17 battery."
192,IdeaPad,laptop,224257.6,Asus,Model X63,Nvidia RTX 2060,Intel i7,17,"Asus IdeaPad with Nvidia RTX 2060 RAM, Intel i7 storage, and a 17 battery."
193,Aspire,laptop,94432.8,Dell,Model H88,Nvidia GTX 1660,AMD Ryzen 7,15.6,"Dell Aspire with Nvidia GTX 1660 RAM, AMD Ryzen 7 storage, and a 15.6 battery."
194,Aspire,laptop,330999.2,HP,Model U46,Nvidia GTX 1650,Intel i5,15.6,"HP Aspire with Nvidia GTX 1650 RAM, Intel i5 storage, and a 15.6 battery."
195,ZenBook,laptop,25505.2,Asus,Model M5,Nvidia GTX 1660,AMD Ryzen 7,15.6,"Asus ZenBook with Nvidia GTX 1660 RAM, AMD Ryzen 7 storage, and a 15.6 battery."
196,Aspire,laptop,276208.8,Asus,Model O38,Nvidia GTX 1650,Intel i5,15.6,"Asus Aspire with Nvidia GTX 1650 RAM, Intel i5 storage, and a 15.6 battery."
197,Inspiron,laptop,35638.4,Dell,Model J48,Nvidia GTX 1650,Intel i5,15.6,"Dell Inspiron with Nvidia GTX 1650 RAM, Intel i5 storage, and a 15.6 battery."
198,Aspire,laptop,371994.0,Asus,Model C57,Nvidia GTX 1660,AMD Ryzen 7,15.6,"Asus Aspire with Nvidia GTX 1660 RAM, AMD Ryzen 7 storage, and a 15.6 battery."
199,IdeaPad,laptop,164544.8,Dell,Model B59,Nvidia GTX 1660,AMD Ryzen 7,15.6,"Dell IdeaPad with Nvidia GTX 1660 RAM, AMD Ryzen 7 storage, and a 15.6 battery."
200,ZenBook,laptop,111160.0,Acer,Model T28,Nvidia RTX 2060,Intel i7,17,"Acer ZenBook with Nvidia RTX 2060 RAM, Intel i7 storage, and a 17 battery."
201,ZenBook,laptop,268634.8,Lenovo,Model K81,Nvidia GTX 1650,Intel i5,15.6,"Lenovo ZenBook with Nvidia GTX 1650 RAM, Intel i5 storage, and a 15.6 battery."
202,IdeaPad,laptop,196084.0,Asus,Model L52,Nvidia GTX 1650,Intel i5,15.6,"Asus IdeaPad with Nvidia GTX 1650 RAM, Intel i5 storage, and a 15.6 battery."
203,IdeaPad,laptop,19065.2,Acer,Model C66,Nvidia GTX 1650,Intel i5,15.6,"Acer IdeaPad with Nvidia GTX 1650 RAM, Intel i5 storage, and a 15.6 battery."
204,Inspiron,laptop,361877.6,Asus,Model N83,Nvidia GTX 1650,Intel i5,15.6,"Asus Inspiron with Nvidia GTX 1650 RAM, Intel i5 storage, and a 15.6 battery."
205,IdeaPad,laptop,399526.4,Dell,Model A83,Nvidia GTX 1660,AMD Ryzen 7,15.6,"Dell IdeaPad with Nvidia GTX 1660 RAM, AMD Ryzen 7 storage, and a 15.6 battery."
206,Pavilion,laptop,84711.2,Lenovo,Model R14,Nvidia GTX 1650,Intel i5,15.6,"Lenovo Pavilion with Nvidia GTX 1650 RAM, Intel i5 storage, and a 15.6 battery."
207,Pavilion,laptop,387811.2,Asus,Model X84,Nvidia GTX 1650,Intel i5,15.6,"Asus Pavilion with Nvidia GTX 1650 RAM, Intel i5 storage, and a 15.6 battery."
208,Pavilion,laptop,234116.4,Acer,Model V92,Nvidia GTX 1650,Intel i5,15.6,"Acer Pavilion with Nvidia GTX 1650 RAM, Intel i5 storage, and a 15.6 battery."
209,Inspiron,laptop,217781.2,Acer,Model J17,Nvidia GTX 1650,Intel i5,15.6,"Acer Inspiron with Nvidia GTX 1650 RAM, Intel i5 storage, and a 15.6 battery."
210,Pavilion,laptop,298001.2,Dell,Model U89,Nvidia GTX 1660,AMD Ryzen 7,15.6,"Dell Pavilion with Nvidia GTX 1660 RAM, AMD Ryzen 7 storage, and a 15.6 battery."
211,IdeaPad,laptop,239408.4,Lenovo,Model K8,Nvidia GTX 1650,Intel i5,15.6,"Lenovo IdeaPad with Nvidia GTX 1650 RAM, Intel i5 storage, and a 15.6 battery."
212,ZenBook,laptop,344103.2,Dell,Model I44,Nvidia RTX 2060,Intel i7,17,"Dell ZenBook with Nvidia RTX 2060 RAM, Intel i7 storage, and a 17 battery."
213,ZenBook,laptop,106232.0,Dell,Model U24,Nvidia RTX 2060,Intel i7,17,"Dell ZenBook with Nvidia RTX 2060 RAM, Intel i7 storage, and a 17 battery."
214,Aspire,laptop,411941.6,Acer,Model X12,Nvidia RTX 2060,Intel i7,17,"Acer Aspire with Nvidia RTX 2060 RAM, Intel i7 storage, and a 17 battery."
215,IdeaPad,laptop,119770.0,Acer,Model H23,Nvidia GTX 1650,Intel i5,15.6,"Acer IdeaPad with Nvidia GTX 1650 RAM, Intel i5 storage, and a 15.6 battery."
216,ZenBook,laptop,257082.0,Dell,Model I24,Nvidia GTX 1660,AMD Ryzen 7,15.6,"Dell ZenBook with Nvidia GTX 1660 RAM, AMD Ryzen 7 storage, and a 15.6 battery."
217,IdeaPad,laptop,400534.4,Acer,Model N63,Nvidia GTX 1650,Intel i5,15.6,"Acer IdeaPad with Nvidia GTX 1650 RAM, Intel i5 storage, and a 15.6 battery."
218,Pavilion,laptop,91694.4,Asus,Model N91,Nvidia GTX 1650,Intel i5,15.6,"Asus Pavilion with Nvidia GTX 1650 RAM, Intel i5 storage, and a 15.6 battery."
219,ZenBook,laptop,66189.2,Lenovo,Model K34,Nvidia RTX 2060,Intel i7,17,"Lenovo ZenBook with Nvidia RTX 2060 RAM, Intel i7 storage, and a 17 battery."
220,Inspiron,laptop,35518.0,Acer,Model P44,Nvidia GTX 1660,AMD Ryzen 7,15.6,"Acer Inspiron with Nvidia GTX 1660 RAM, AMD Ryzen 7 storage, and a 15.6 battery."
221,Pavilion,laptop,315686.0,Lenovo,Model W46,Nvidia GTX 1660,AMD Ryzen 7,15.6,"Lenovo Pavilion with Nvidia GTX 1660 RAM, AMD Ryzen 7 storage, and a 15.6 battery."
222,Aspire,laptop,112691.6,Acer,Model U53,Nvidia GTX 1650,Intel i5,15.6,"Acer Aspire with Nvidia GTX 1650 RAM, Intel i5 storage, and a 15.6 battery."
223,Aspire,laptop,113276.8,Asus,Model N31,Nvidia GTX 1650,Intel i5,15.6,"Asus Aspire with Nvidia GTX 1650 RAM, Intel i5 storage, and a 15.6 battery."
224,Pavilion,laptop,247774.8,Acer,Model L13,Nvidia GTX 1660,AMD Ryzen 7,15.6,"Acer Pavilion with Nvidia GTX 1660 RAM, AMD Ryzen 7 storage, and a 15.6 battery."
225,IdeaPad,laptop,103633.6,Asus,Model M26,Nvidia GTX 1660,AMD Ryzen 7,15.6,"Asus IdeaPad with Nvidia GTX 1660 RAM, AMD Ryzen 7 storage, and a 15.6 battery."
226,Inspiron,laptop,277253.2,Lenovo,Model O68,Nvidia GTX 1660,AMD Ryzen 7,15.6,"Lenovo Inspiron with Nvidia GTX 1660 RAM, AMD Ryzen 7 storage, and a 15.6 battery."
227,IdeaPad,laptop,138997.6,Lenovo,Model Y38,Nvidia GTX 1650,Intel i5,15.6,"Lenovo IdeaPad with Nvidia GTX 1650 RAM, Intel i5 storage, and a 15.6 battery."
228,Inspiron,laptop,340849.6,Asus,Model T97,Nvidia GTX 1650,Intel i5,15.6,"Asus Inspiron with Nvidia GTX 1650 RAM, Intel i5 storage, and a 15.6 battery."
229,ZenBook,laptop,250261.2,Asus,Model R30,Nvidia GTX 1660,AMD Ryzen 7,15.6,"Asus ZenBook with Nvidia GTX 1660 RAM, AMD Ryzen 7 storage, and a 15.6 battery."
230,Pavilion,laptop,399996.8,Asus,Model B12,Nvidia RTX 2060,Intel i7,17,"Asus Pavilion with Nvidia RTX 2060 RAM, Intel i7 storage, and a 17 battery."
231,ZenBook,laptop,290295.6,Dell,Model T43,Nvidia GTX 1650,Intel i5,15.6,"Dell ZenBook with Nvidia GTX 1650 RAM, Intel i5 storage, and a 15.6 battery."
232,Inspiron,laptop,371137.2,Dell,Model T83,Nvidia RTX 2060,Intel i7,17,"Dell Inspiron with Nvidia RTX 2060 RAM, Intel i7 storage, and a 17 battery."
233,ZenBook,laptop,173233.2,Acer,Model S6,Nvidia RTX 2060,Intel i7,17,"Acer ZenBook with Nvidia RTX 2060 RAM, Intel i7 storage, and a 17 battery."
234,Aspire,laptop,230921.6,HP,Model G86,Nvidia GTX 1660,AMD Ryzen 7,15.6,"HP Aspire with Nvidia GTX 1660 RAM, AMD Ryzen 7 storage, and a 15.6 battery."
235,ZenBook,laptop,306227.6,HP,Model C28,Nvidia GTX 1660,AMD Ryzen 7,15.6,"HP ZenBook with Nvidia GTX 1660 RAM, AMD Ryzen 7 storage, and a 15.6 battery."
236,ZenBook,laptop,96317.2,Acer,Model R21,Nvidia GTX 1650,Intel i5,15.6,"Acer ZenBook with Nvidia GTX 1650 RAM, Intel i5 storage, and a 15.6 battery."
237,Pavilion,laptop,252162.4,Asus,Model D28,Nvidia GTX 1650,Intel i5,15.6,"Asus Pavilion with Nvidia GTX 1650 RAM, Intel i5 storage, and a 15.6 battery."
238,Pavilion,laptop,356966.4,Asus,Model L99,Nvidia GTX 1650,Intel i5,15.6,"Asus Pavilion with Nvidia GTX 1650 RAM, Intel i5 storage, and a 15.6 battery."
239,Inspiron,laptop,250896.8,Dell,Model P91,Nvidia GTX 1660,AMD Ryzen 7,15.6,"Dell Inspiron with Nvidia GTX 1660 RAM, AMD Ryzen 7 storage, and a 15.6 battery."
240,Pavilion,laptop,82689.6,Acer,Model E8,Nvidia GTX 1650,Intel i5,15.6,"Acer Pavilion with Nvidia GTX 1650 RAM, Intel i5 storage, and a 15.6 battery."
241,Pavilion,laptop,130953.2,Asus,Model J87,Nvidia RTX 2060,Intel i7,17,"Asus Pavilion with Nvidia RTX 2060 RAM, Intel i7 storage, and a 17 battery."
242,Inspiron,laptop,294156.8,Dell,Model J9,Nvidia GTX 1650,Intel i5,15.6,"Dell Inspiron with Nvidia GTX 1650 RAM, Intel i5 storage, and a 15.6 battery."
243,IdeaPad,laptop,197181.6,Acer,Model F71,Nvidia GTX 1650,Intel i5,15.6,"Acer IdeaPad with Nvidia GTX 1650 RAM, Intel i5 storage, and a 15.6 battery."
244,Pavilion,laptop,395133.2,Dell,Model M41,Nvidia GTX 1650,Intel i5,15.6,"Dell Pavilion with Nvidia GTX 1650 RAM, Intel i5 storage, and a 15.6 battery."
245,ZenBook,laptop,264188.4,Dell,Model I60,Nvidia GTX 1650,Intel i5,15.6,"Dell ZenBook with Nvidia GTX 1650 RAM, Intel i5 storage, and a 15.6 battery."
246,Pavilion,laptop,33160.4,HP,Model K73,Nvidia RTX 2060,Intel i7,17,"HP Pavilion with Nvidia RTX 2060 RAM, Intel i7 storage, and a 17 battery."
247,Aspire,laptop,223344.8,Dell,Model X31,Nvidia RTX 2060,Intel i7,17,"Dell Aspire with Nvidia RTX 2060 RAM, Intel i7 storage, and a 17 battery."
248,Aspire,laptop,36738.8,Dell,Model G2,Nvidia GTX 1650,Intel i5,15.6,"Dell Aspire with Nvidia GTX 1650 RAM, Intel i5 storage, and a 15.6 battery."
249,Aspire,laptop,404630.8,Asus,Model M44,Nvidia GTX 1650,Intel i5,15.6,"Asus Aspire with Nvidia GTX 1650 RAM, Intel i5 storage, and a 15.6 battery."
250,ZenBook,laptop,284793.6,Asus,Model R51,Nvidia RTX 2060,Intel i7,17,"Asus ZenBook with Nvidia RTX 2060 RAM, Intel i7 storage, and a 17 battery."
251,Inspiron,laptop,304990.0,Acer,Model C8,Nvidia RTX 2060,Intel i7,17,"Acer Inspiron with Nvidia RTX 2060 RAM, Intel i7 storage, and a 17 battery."
252,Inspiron,laptop,227040.8,Asus,Model U39,Nvidia RTX 2060,Intel i7,17,"Asus Inspiron with Nvidia RTX 2060 RAM, Intel i7 storage, and a 17 battery."
253,Aspire,laptop,255054.8,Acer,Model V34,Nvidia GTX 1650,Intel i5,15.6,"Acer Aspire with Nvidia GTX 1650 RAM, Intel i5 storage, and a 15.6 battery."
254,Aspire,laptop,260489.6,HP,Model E86,Nvidia GTX 1660,AMD Ryzen 7,15.6,"HP Aspire with Nvidia GTX 1660 RAM, AMD Ryzen 7 storage, and a 15.6 battery."
255,Aspire,laptop,96115.6,Lenovo,Model S19,Nvidia GTX 1660,AMD Ryzen 7,15.6,"Lenovo Aspire with Nvidia GTX 1660 RAM, AMD Ryzen 7 storage, and a 15.6 battery."
256,Pavilion,laptop,310060.8,Dell,Model A19,Nvidia GTX 1660,AMD Ryzen 7,15.6,"Dell Pavilion with Nvidia GTX 1660 RAM, AMD Ryzen 7 storage, and a 15.6 battery."
257,Pavilion,laptop,203053.2,HP,Model I90,Nvidia RTX 2060,Intel i7,17,"HP Pavilion with Nvidia RTX 2060 RAM, Intel i7 storage, and a 17 battery."
258,Inspiron,laptop,286440.0,HP,Model O25,Nvidia GTX 1650,Intel i5,15.6,"HP Inspiron with Nvidia GTX 1650 RAM, Intel i5 storage, and a 15.6 battery."
259,ZenBook,laptop,91078.4,Asus,Model D49,Nvidia GTX 1650,Intel i5,15.6,"Asus ZenBook with Nvidia GTX 1650 RAM, Intel i5 storage, and a 15.6 battery."
260,Pavilion,laptop,188745.2,Dell,Model V19,Nvidia GTX 1650,Intel i5,15.6,"Dell Pavilion with Nvidia GTX 1650 RAM, Intel i5 storage, and a 15.6 battery."
261,ZenBook,laptop,294910.0,Dell,Model G4,Nvidia GTX 1650,Intel i5,15.6,"Dell ZenBook with Nvidia GTX 1650 RAM, Intel i5 storage, and a 15.6 battery."
262,Aspire,laptop,370580.0,Dell,Model D69,Nvidia GTX 1660,AMD Ryzen 7,15.6,"Dell Aspire with Nvidia GTX 1660 RAM, AMD Ryzen 7 storage, and a 15.6 battery."
263,Pavilion,laptop,225383.2,Acer,Model B33,Nvidia GTX 1650,Intel i5,15.6,"Acer Pavilion with Nvidia GTX 1650 RAM, Intel i5 storage, and a 15.6 battery."
264,Pavilion,laptop,267486.8,Dell,Model W60,Nvidia RTX 2060,Intel i7,17,"Dell Pavilion with Nvidia RTX 2060 RAM, Intel i7 storage, and a 17 battery."
265,Inspiron,laptop,231341.6,Asus,Model O8,Nvidia GTX 1660,AMD Ryzen 7,15.6,"Asus Inspiron with Nvidia GTX 1660 RAM, AMD Ryzen 7 storage, and a 15.6 battery."
266,Pavilion,laptop,201723.2,Dell,Model N90,Nvidia GTX 1660,AMD Ryzen 7,15.6,"Dell Pavilion with Nvidia GTX 1660 RAM, AMD Ryzen 7 storage, and a 15.6 battery."
267,IdeaPad,laptop,298715.2,HP,Model Z9,Nvidia RTX 2060,Intel i7,17,"HP IdeaPad with Nvidia RTX 2060 RAM, Intel i7 storage, and a 17 battery."
268,Pavilion,laptop,43926.4,Dell,Model E7,Nvidia RTX 2060,Intel i7,17,"Dell Pavilion with Nvidia RTX 2060 RAM, Intel i7 storage, and a 17 battery."
269,Inspiron,laptop,114170.0,Dell,Model F53,Nvidia GTX 1650,Intel i5,15.6,"Dell Inspiron with Nvidia GTX 1650 RAM, Intel i5 storage, and a 15.6 battery."
270,Inspiron,laptop,396715.2,Asus,Model Z66,Nvidia GTX 1660,AMD Ryzen 7,15.6,"Asus Inspiron with Nvidia GTX 1660 RAM, AMD Ryzen 7 storage, and a 15.6 battery."
271,Aspire,laptop,284314.8,Dell,Model P77,Nvidia RTX 2060,Intel i7,17,"Dell Aspire with Nvidia RTX 2060 RAM, Intel i7 storage, and a 17 battery."
272,IdeaPad,laptop,136427.2,Asus,Model D35,Nvidia RTX 2060,Intel i7,17,"Asus IdeaPad with Nvidia RTX 2060 RAM, Intel i7 storage, and a 17 battery."
273,Pavilion,laptop,365814.4,Asus,Model T12,Nvidia GTX 1660,AMD Ryzen 7,15.6,"Asus Pavilion with Nvidia GTX 1660 RAM, AMD Ryzen 7 storage, and a 15.6 battery."
274,Pavilion,laptop,267128.4,Dell,Model K1,Nvidia GTX 1650,Intel i5,15.6,"Dell Pavilion with Nvidia GTX 1650 RAM, Intel i5 storage, and a 15.6 battery."
275,Inspiron,laptop,327210.8,HP,Model G80,Nvidia GTX 1650,Intel i5,15.6,"HP Inspiron with Nvidia GTX 1650 RAM, Intel i5 storage, and a 15.6 battery."
276,Aspire,laptop,45323.6,Lenovo,Model C59,Nvidia RTX 2060,Intel i7,17,"Lenovo Aspire with Nvidia RTX 2060 RAM, Intel i7 storage, and a 17 battery."
277,Pavilion,laptop,74068.4,Acer,Model P94,Nvidia GTX 1650,Intel i5,15.6,"Acer Pavilion with Nvidia GTX 1650 RAM, Intel i5 storage, and a 15.6 battery."
278,IdeaPad,laptop,132028.4,Lenovo,Model V9,Nvidia RTX 2060,Intel i7,17,"Lenovo IdeaPad with Nvidia RTX 2060 RAM, Intel i7 storage, and a 17 battery."
279,Inspiron,laptop,132932.8,Acer,Model Q45,Nvidia GTX 1660,AMD Ryzen 7,15.6,"Acer Inspiron with Nvidia GTX 1660 RAM, AMD Ryzen 7 storage, and a 15.6 battery."
280,ZenBook,laptop,369597.2,Asus,Model K69,Nvidia GTX 1650,Intel i5,15.6,"Asus ZenBook with Nvidia GTX 1650 RAM, Intel i5 storage, and a 15.6 battery."
281,Aspire,laptop,370328.0,HP,Model W61,Nvidia GTX 1660,AMD Ryzen 7,15.6,"HP Aspire with Nvidia GTX 1660 RAM, AMD Ryzen 7 storage, and a 15.6 battery."
282,ZenBook,laptop,29579.2,Dell,Model R76,Nvidia RTX 2060,Intel i7,17,"Dell ZenBook with Nvidia RTX 2060 RAM, Intel i7 storage, and a 17 battery."
283,Aspire,laptop,187574.8,Lenovo,Model M32,Nvidia RTX 2060,Intel i7,17,"Lenovo Aspire with Nvidia RTX 2060 RAM, Intel i7 storage, and a 17 battery."
284,Pavilion,laptop,224344.4,Dell,Model F51,Nvidia GTX 1650,Intel i5,15.6,"Dell Pavilion with Nvidia GTX 1650 RAM, Intel i5 storage, and a 15.6 battery."
285,Aspire,laptop,280901.6,Lenovo,Model K81,Nvidia GTX 1660,AMD Ryzen 7,15.6,"Lenovo Aspire with Nvidia GTX 1660 RAM, AMD Ryzen 7 storage, and a 15.6 battery."
286,Pavilion,laptop,222157.6,Asus,Model V43,Nvidia GTX 1660,AMD Ryzen 7,15.6,"Asus Pavilion with Nvidia GTX 1660 RAM, AMD Ryzen 7 storage, and a 15.6 battery."
287,Inspiron,laptop,27890.8,Acer,Model R56,Nvidia RTX 2060,Intel i7,17,"Acer Inspiron with Nvidia RTX 2060 RAM, Intel i7 storage, and a 17 battery."
288,ZenBook,laptop,163615.2,Acer,Model C45,Nvidia GTX 1660,AMD Ryzen 7,15.6,"Acer ZenBook with Nvidia GTX 1660 RAM, AMD Ryzen 7 storage, and a 15.6 battery."
289,ZenBook,laptop,258185.2,Dell,Model L48,Nvidia GTX 1650,Intel i5,15.6,"Dell ZenBook with Nvidia GTX 1650 RAM, Intel i5 storage, and a 15.6 battery."
290,Aspire,laptop,239276.8,Asus,Model V32,Nvidia GTX 1660,AMD Ryzen 7,15.6,"Asus Aspire with Nvidia GTX 1660 RAM, AMD Ryzen 7 storage, and a 15.6 battery."
291,Aspire,laptop,260433.6,Asus,Model A44,Nvidia GTX 1660,AMD Ryzen 7,15.6,"Asus Aspire with Nvidia GTX 1660 RAM, AMD Ryzen 7 storage, and a 15.6 battery."
292,Inspiron,laptop,208135.2,Lenovo,Model T43,Nvidia GTX 1650,Intel i5,15.6,"Lenovo Inspiron with Nvidia GTX 1650 RAM, Intel i5 storage, and a 15.6 battery."
293,IdeaPad,laptop,245131.6,Dell,Model U63,Nvidia GTX 1660,AMD Ryzen 7,15.6,"Dell IdeaPad with Nvidia GTX 1660 RAM, AMD Ryzen 7 storage, and a 15.6 battery."
294,Aspire,laptop,277426.8,Lenovo,Model Y34,Nvidia GTX 1660,AMD Ryzen 7,15.6,"Lenovo Aspire with Nvidia GTX 1660 RAM, AMD Ryzen 7 storage, and a 15.6 battery."
295,ZenBook,laptop,386436.4,Asus,Model L5,Nvidia GTX 1660,AMD Ryzen 7,15.6,"Asus ZenBook with Nvidia GTX 1660 RAM, AMD Ryzen 7 storage, and a 15.6 battery."
296,Aspire,laptop,163130.8,Asus,Model I57,Nvidia GTX 1650,Intel i5,15.6,"Asus Aspire with Nvidia GTX 1650 RAM, Intel i5 storage, and a 15.6 battery."
297,Pavilion,laptop,343792.4,Lenovo,Model G79,Nvidia GTX 1650,Intel i5,15.6,"Lenovo Pavilion with Nvidia GTX 1650 RAM, Intel i5 storage, and a 15.6 battery."
298,Aspire,laptop,397507.6,Lenovo,Model P69,Nvidia RTX 2060,Intel i7,17,"Lenovo Aspire with Nvidia RTX 2060 RAM, Intel i7 storage, and a 17 battery."
299,Inspiron,laptop,248385.2,HP,Model Z40,Nvidia RTX 2060,Intel i7,17,"HP Inspiron with Nvidia RTX 2060 RAM, Intel i7 storage, and a 17 battery."
300,Pavilion,laptop,347373.6,Dell,Model M34,Nvidia GTX 1660,AMD Ryzen 7,15.6,"Dell Pavilion with Nvidia GTX 1660 RAM, AMD Ryzen 7 storage, and a 15.6 battery."